S/N,OCCULTS,,LOTS,LOTS,LOTS,LOTS,LOTS,LOTS,NOBILITY PRESTIGE,NOBILITY PRESTIGE,NOBILITY PRESTIGE,NOBILITY PRESTIGE,NOBILITY PRESTIGE,NOBILITY PRESTIGE,NOBILITY PRESTIGE,NATIONALITY,NATIONALITY,NATIONALITY,NATIONALITY,NATIONALITY,CHEATS,CAREERS AND PRODUCTIVITY,CAREERS AND PRODUCTIVITY,CAREERS AND PRODUCTIVITY,CAREERS AND PRODUCTIVITY,CAREERS AND PRODUCTIVITY,CAREERS AND PRODUCTIVITY,CAREERS AND PRODUCTIVITY,CAREERS AND PRODUCTIVITY,CAREERS AND PRODUCTIVITY,BASEMENTAL,BASEMENTAL,BASEMENTAL,BASEMENTAL,BASEMENTAL,BASEMENTAL,SPELLCATERS,SPELLCATERS,SPELLCATERS,SPELLCATERS,SPINNING PLUMBOB,SPINNING PLUMBOB,SPINNING PLUMBOB,SPINNING PLUMBOB,SPINNING PLUMBOB,SPINNING PLUMBOB,SPINNING PLUMBOB,SPINNING PLUMBOB,SPINNING PLUMBOB,SPINNING PLUMBOB,SPINNING PLUMBOB,SPINNING PLUMBOB,SPINNING PLUMBOB,SPINNING PLUMBOB,SPINNING PLUMBOB,SPINNING PLUMBOB,SPINNING PLUMBOB,SPINNING PLUMBOB,SPINNING PLUMBOB,SPINNING PLUMBOB,SPINNING PLUMBOB,SPINNING PLUMBOB,SPINNING PLUMBOB,SPINNING PLUMBOB,WALKER (Call person) HANGOUTS,WALKER (Call person) HANGOUTS,CLUBS,CLUBS,CLUBS,TRAITS,TRAITS,TRAITS,TRAITS,DEATHS,DEATHS,DEATHS,DEATHS
1,Alien,,LOT TYPE,SOURCE,USE,PREREQUISITE,COMPATIBLE?,NOTES,LEVEL,FORHOTTEN HOLLOW,FORHOTTEN HOLLOW,ONDARION,ONDARION,RAVENWOOD,RAVENWOOD,Real World Nationality,TS4 Nationality Equivalent,Frank's Language,Worlds that speak this language,Ancestral World,UNIVERSITY ROOMATES,BRANCHES,IN GAME,STATUS IG,CUSTOM,NOTES,STATUS CC,SOURCE,MINE,STATUS M,GANG TITLES,GANG TITLES,GANG TITLES,GANG TITLES,GANG TITLES,BASEMENTAL ADDICTIONS,PRACTICAL MAGIC,MISCHIEF MAGIC,UNTAMED MAGIC,ALCHEMY,FAIRIES AND WITCHES POWER SOURCE,FAIRIES AND WITCHES POWER SOURCE,FAIRIES AND WITCHES POWER SOURCE,FAIRIES AND WITCHES POWER SOURCE,SPELLS AND ALCHEMY FOR FARIES AND WITCHES,SPELLS AND ALCHEMY FOR FARIES AND WITCHES,FAIRIES,FAIRIES,FAIRIES,FAIRIES,WITCHES,WITCHES,WITCHES,WITCHES,WITCHES,WITCHES,PLANTSIMS,PLANTSIMS,PLANTSIMS,PLANTSIMS,PLANTSIMS,MERMAIDS,MERMAIDS,MERMAIDS,LOT TYPE,TIME,CLUB NAME,CLUB PURPOSE,CLUB ACTIVITIES,CC TRAITS,CC TRAITS,IN GAME TRAITS,IN GAME TRAITS,IN GAME DEATHS,NOTES,CC DEATHS,NOTES
2,Demon,,A.W.E Studio,A.W.E career cc,Adult Film Studio,A.W.E Career,Yes,"A toilet and sink, have some mirrors, and at least two computers that are not on �THE Front Desk�. a make up artist station and a director's chiar. at least one get famous camera Rig. add showers too and food source and loo
Version 2.8.0 adds active photoshoots using the �In a Flash Photo Studio� from the Get to Work EP. To have these shoots, the AWE Photo Studio lot trait must be chosen. This lot trait can be applied to AWE Porn Studio lots, Generic lots, or Art Center lots from City Living EP. This lot trait will spawn a Sim from the AWE Photography career.",LEVEL,Title Male/Female/Neutral,Pronoun,Title Male/Female/Neutral,Pronoun,Title Male/Female/Neutral,Pronoun,"English, Scottish, Welsh, Irish, Australian (Anglo), New Zealander (P?keh?)",Western Simli,Simlish,"Willow Creek , Henford-on-Bagley ,  Innisgreen  , Gibbi Point",Willow Creek,"traits.equip_trait trait_RoommateNPC_Standard
traits.equip_trait trait_RoommateNPC_Interest_Art
traits.equip_trait trait_RoommateNPC_Interest_Baking
traits.equip_trait trait_RoommateNPC_Interest_Computer
traits.equip_trait trait_RoommateNPC_Interest_Fitness
traits.equip_trait trait_RoommateNPC_Interest_Music
traits.equip_trait trait_RoommateNPC_Archetype_Breaker
traits.equip_trait trait_RoommateNPC_Archetype_Cheerleader
traits.equip_trait trait_RoommateNPC_Archetype_ClingySocialite
traits.equip_trait trait_RoommateNPC_Archetype_CouchPotato
traits.equip_trait trait_RoommateNPC_Archetype_EmoLoner
traits.equip_trait trait_RoommateNPC_Archetype_Fixer
traits.equip_trait trait_RoommateNPC_Archetype_LoudMusic
traits.equip_trait trait_RoommateNPC_Archetype_MealMaker
traits.equip_trait trait_RoommateNPC_Archetype_PartyPlanner
traits.equip_trait trait_RoommateNPC_Archetype_SuperNeat
traits.equip_trait trait_RoommateNPC_Quirk_Absent
traits.equip_trait trait_RoommateNPC_Quirk_BathroomHog
traits.equip_trait trait_RoommateNPC_Quirk_BigCloset
traits.equip_trait trait_RoommateNPC_Quirk_LateOnRent
traits.equip_trait trait_RoommateNPC_Quirk_PublicAffectionDisplayer
traits.equip_trait trait_RoommateNPC_Quirk_Prankster",,Actor/Actress,Done,A.W.E Act Actor-Actress,"Needs at least 3
Some events only show up when sims are at higer levels
All A.w.e actors/actresses are streamers if they are above lv 5",Done,A.W.E,Aspiring,Done,GANG,ROLE,"""COMPANY"" NAME",JOB TITLE,JOB DESCRIPTION,Adderall,Scruberoo,Disperio,Inferniate,Potion of good fortune,POWER SOURCE,POWER NOTES,COMPLIMENTARY,OPPOSING,ALCHEMY POTIONS,SPELLS,FAIRY LEVEL,FAIRY MAGICAL ABILITIES,FAIRY LEVEL TO USE ABIITY,EXTRA FAIRY PRE-REQUISITE FOR FAIRY MAGICAL ABILITY,WITCH LEVEL,WITCH MAGICAL ABILITIES,WITCH LEVEL TO USE ABILITY,EXTRA WITCH PRE-REQUISITE FOR FAIRY MAGICAL ABILITY,ALTAR CONFIGURATIONS FOR WITCHES,COVEN,Plansim Forms,Plantsim Variants,Plantsim Seasonal Domain,Perks,Plantsim form level for Perk,SEA WITCH SPELLS,ABILITIES,POTIONS,Bar,"9 pm-6 am on weekdays, and 6pm � 6 am on weekends (Friday, Saturday, Sunday)",Cedar Creek Country Club,"mingle, gamble, enjoy entertainment and food","mingle, gamble, enjoy entertainment and food",Emotional,NOTES,Emotional,NOTES,Consumed By the Mother,Consumed by the Mother Plant; needs never decay.,,
3,Sylvan Fae,,Apartment,City Living,Residential,The Sims 4,Yes,trash chute,Rank 1,Thrall/ Thrall / Thrall,Ser / Ser / Ser,Page / Page / Page,Ser / Ser / Ser,Attendant / Attendant / Attendant,Ser / Ser / Ser,"American (Black/African American), Nigerian, Ghanaian, Kenyan, Ugandan, South African (Black), West African broadly, Native American / Indigenous American",Eastern Simli,Simlish," Chestnut Ridge , Oasis Springs , San Sequoia , Evergreen harbor , Strangerville",Willow Creek,,"Level 7
Space Ranger
Interstellar Smuggler",Astronaut,Done,A.W.E Director,needs just one,Done,A.W.E,Call Person,Done,Newcrest Thugs,Leader,Crimson Shield LLC,Crimson Operations Manager,�Oversees regional interests and coordination.�,Alcohol,Repairo,Deliriate,Zipzap,Potion of Nausea,Air,"For free spirited and restless sims, accessed anywhere, windy weather boosts power, less effective in pollution areas, have storm resistance. this sim will be very powerful","Fire, Fauna, Nature, Flora, Plasma",NIL,Aphrodisia,Aqua Mutatio,1 pixie,Fairy dust,4 enchanted fae,nil,1 PRACTITIONER,Ancestral Connection,4 MASTER CASTER,nil,Summon ancestral witch,Obsidian Oath-Evil,1 SEEDLING,Myconids,Spring,Chloro-Blast,4,Immortality Inacntation,,Heartwarmer Elixir,Nightclub,"10 pm-6 am on weekdays, and 6pm � 6 am on weekends (Friday, Saturday, Sunday)",Dreams Of Approach,Doms,Sex and degenerate activity with subs,,,Ambitious,Gains powerful moodlets from career success; becomes Tense if not promoted.,Death by Anger,Died of apoplexy; rage still lingers � occasionally gets a +2 angry moodlet; nearby Sims get +1 angry.,,
4,Everdew Fairy,,Arts Center,City Living,Arts Center,The Sims 4,Yes,"Space open for paintings, storage chest for paintings",Rank 2,Initiate / Initiate / Initiate,Ser / Ser / Ser,Squire / Squire / Squire,Ser / Ser / Ser,Steward / Steward / Steward,Ser / Ser / Ser,"Russian, Ukrainian, Polish, Czech, Slovak, Bulgarian, Romanian, Moldovan, Serbian, Croatian, Slovenian, Bosnian, Macedonian",Ravenian,Ravena,"Ravenwood , Forgotten Hollow , Moodwood Mill , Glimmerbrook",Ravenwood,,"Level 4
Professional Athlete
Bodybuilder",Athlete,Done,A.W.E Photographer,Needs just one that is non active there is also an active one but it does not work,Done,A.W.E,Gang Member,Done,Newcrest Thugs,Right Hand,Crimson Shield LLC,Crimson Assistant Manager,�Supports strategy and day-to-day logistics.�,Amphetamine,Delicioso,Fumble,Necrocal,Potion of rejuvenation,Chaos,"Drawn from wildfires human conflict, rage, anger boosts magic, can spread discord among sims","Darkness, Fire Plasma, Electricity, Toxins","Death, Music, Nature",Magic infusion,Astral Projection,2 nymph,Sprite form,??,nil,2 CHARMER,Necromance,5 SUPREME WITCH,nil,Conjure guide to witchcraft,Tempest-Powerful,2 SPROUT,Spriggan,Summer,Druidic Power,5,Humanity Spell,,Heartstopper Elixir,Lounge,"11 pm-6 am on weekdays, and 6pm � 6 am on weekends (Friday, Saturday, Sunday)",Dreams Of Surrender,Subs,Serves doms,,,Cheerful,Tends to be Happier than other Sims.,Death by Beetles,Died from a bug drink; death was instantaneous � the Grim Reaper does not arrive and cannot be pleaded with.,,
5,Everdew Fae,,Auditorium,High School Years,Auditorium,The Sims 4,Yes,"Graduation, formal dance, career day builds",Rank 3,Sanguine Knight / Sanguine Dame / Sanguine Knightum,Ser / Ser / Ser,Knight / Dame / Knightum,Sire / Sire / Sire,Knight / Dame / Knightum,Lord / Lady / Lordem,"Hawaiian (Native), Samoan, Tongan, Fijian, M?ori, Caribbean (Afro-Caribbean, Jamaican, Trinidadian), Cook Islander",Toki,Toki Sulani,Sulani,Sulani,,"Level 6
Management
Investor
NOTE: actually Business but mispelled for documentation sake",Basiness,Done,A.W.E Producer,needs one,Done,Maplebell Actor Career overhaul,Hireable,Done,Newcrest Thugs,Bodyguard,Crimson Shield LLC,Crimson Protection Agent,�Manages VIP safety during key movements.�,Caffeine,Floralorial,Furio,Turn Undead,Potion of immortality,Crystals,"Drawn form naturally occuring minerals sensitive to moonlight, can store magical energies, drawn from crystal deposits or mined crystals, strong in the forgotten grotto, can absorb energy based on crystal type increased gemeology skill gain","Metal, nature, fire, moon, psychic, emotion",Toxins,Elixir of fire resistance,Attitude Aura,3 mythic,Magic reuptake,2 nymph,nil,3 SPELLBINER,Portal pass,4 MASTER CASTER,nil,Conjure snow,Aurial Radiant-Good,3 SAPLING,Bizzare Plantsim,Fall,Florakinesis,4,Aprodite's love spell,,Elixir of Immortality,Park,"noon to 6 am on weekdays and 10 pm � 6 am on weekends (Saturday, Sunday)",Prison Staff,Prison Warden and guards,Prison Warden and guards,,,Childish,Gains moodlets from the Kids Network; becomes Playful around children and with children's toys.,Death by Murphy Bed,Killed by a vengeful Murphy bed; can possess Sims for energy; refuses to use any bed; can warn Sims about bed safety.,,
6,Ghost,,Bar,Base Game,Bar,The Sims 4,Yes,Walkers condsideration sand dressing,Rank 4,Baron of Blood / Baroness of Blood / Liege of Blood,Dread / Dread / Dread,Baron / Baroness / Barunum,Lord / Lady / Lordem,Baron / Baroness / Barunum,Lord / Lady / Lordem,"Japanese, Korean, Chinese (Han), Taiwanese, Tibetan, Mongolian, Okinawan",Komorebigan,Komorebigo,Mt. Komorebi,Mt Komorebi,,"Civic Planner
Green technician",Civil Designer,Done,Acting Student,,Not Started,Danitysimmer Fashion Designer,Inmate,Done,Newcrest Thugs,Enforcer,Crimson Shield LLC,Crimson Compliance Officer,�Ensures protocol adherence under pressure.�,Cannabis,Protectin from cold,Infatuate,Summon Earthquake,Potion of the nimble mind,Darkness,"Usually used by wicked sims, suffocating and corupt, has consequences, stronger at midnight till 4am, corrupts the mind and promotes evil, reduces sensitivity to sadness or fear, increased rate of gaining vampire lore and medium skill","Chaos, death, moon","Fire, Flora, Illusions, Light, The sun",Feather weight elixir,Banishment,4 enchanted fae,Healing dust,5 etheral guardian,Fairy dust Magical ability,4 MASTER CASTER,Potion prodigy,2 CHARMER,nil,Conjure rain,Arcane Accord-Normies,4 SPRING SPIRIT,,Winter,Fertilizing Network,3,Temprance Charm,,Elixir of Asension,Spa,"noon to 6 am on weekdays and 10 pm � 6 am on weekends (Saturday, Sunday)",Prisoner Activities,Prisoner rehab,Prisoner rehab,,,Clumsy,Fails more often at physical activities but tends to laugh it off.,Death by Flies,Killed by an angry swarm of flies; has flies around the ghost body and will often swat at them.,,
7,Humans,,Beach,Island Living,Beach,The Sims 4,Yes,"nude beach, kids area/ swingset, beach bonfire to cook island livin shack, live music",Rank 5,Duskward / Duskward / Duskward,Dread / Dread / Dread,Viscount / Viscountess / Viscountum,Lord / Lady / Lordem,Viscount / Viscountess / Viscountum,Lord / Lady / Lordem,"Mexican, Colombian, Peruvian, Venezuelan, Ecuadorian, Chilean, Cuban, Puerto Rican, Dominican, Guatemalan, Spanish (Iberian)",Selvadoradian,Selvadoradian,"Selvadorada , Ciudad Enamorada",Selvadorada,,"Environmemtal Manager
Marine Biologist",Conservationist,Done,Active Fashion Designer,"Receptionist has receptionist trait, 
Interns, 1 PR manager
People in the career and in the same household show up a bit later, then leave , ",Not Started,Kiarasims4,NPC-Agent,Done,Newcrest Thugs,Member,Crimson Shield LLC,Crimson Field Operative,�Handles outreach and local assignments.�,Codeine (Lean),Dispel Fear,Forget,Bless,Potion of emotional stability,Death,"unique in that it is aquired through the grim reaper himself, you NEED his permission, close to necormancy, which is highly condemned, with this the sim is immune to death and they can call the grim reaper","Darkness, Flora, Fauna, Nature, Toxins","Chaos, Plasma, Psychic",Fertility tonic,Biblio Acceleratium,5 etheral guardian,Level headed,3 mythic,"Air power source, or Darkness power source, or Electricity  power source, or Fire power source, or Ice power source",5 SUPREME WITCH,Level headed,3 SPELLBINER,"Air power source, or Darkness power source, or Electricity  power source, or Fire power source, or Ice power source",Summon familiar,,5 SOUL OF NATURE,,,Floral Photosynthesis,1,Meager Monsoon,,Aquatic Grave Brew,,,Prisoner Self Care,Prisoner basic care,Prisoner basic care,,,Creative,Tends to be Inspired; can Share Creative Ideas; becomes upset without creative outlets.,Death by Cowplant,Eaten by a cowplant; can wither plants when angry.,,
8,Hybrid,,Cafe,Get Together,Cafe,The Sims 4,Yes,"internet cafe, Internet Gaming cafee with teen lot trait, Book cafe , themed, gardening and flower arranging. Kids Spaces",Rank 6,Count / Countess /  Countum,Dread / Dread / Dread,Count / Countess / Countum,Lord / Lady / Lordem,Count / Countess / Countum,Lord / Lady / Lordem,"Indian (Hindi, Punjabi, Bengali, Tamil, Gujarati, Marathi), Pakistani, Bangladeshi, Sri Lankan, Nepali , Afghan, Iranian/Persian, Iraqi, Syrian, Lebanese, Jordanian, Saudi, Emirati, Egyptian, Moroccan, Tunisian, Yemeni, Omani, Arab broadly",North Windenburgian,Windenburgish,Brindleton bay,Windenburg,,"Level 5
Boss
Oracle",Criminal,Done,Active lawyer,,Done,Kiarasims4,Self Employed,Done,Newcrest Thugs,Casino Boss,Crimson Shield LLC,Crimson Sales Director,�Leads table?floor supervision and VIP gameplay strategy.�,Cocaine,Cure Disease,Knock,Lightning Strike,Potion of magical aura,Electricity,"Wild, unpredectable and erratic, from anything with electricity, can lose control of it when overcome with anger or stress, immune to electrocution, enhance electrical efficiency and reduce utility bills","Chaos, Metal, Psychic, Technology","Nature, water",Bottled talent,Call Forth,,Magic mentor,3 mythic,nil,,Magic mentor,3 SPELLBINER,nil,Conjure sustenance,,,,,Phermones,3,Revelation hex,,Bottled Davy Jones' curse,,,Second Chance,basemental rehab for addicts,rehabilitation of mind and body,,,Erratic,Can Talk to themselves; has unpredictable emotions.,Death by Cuckoo Malfunction,Met their end tinkering with a troublesome cuckoo clock.,,
9,Immortal,,Casino,Basemental Gambling cc,Casino,Basemental gambling,,"Arnie royal casino mod, dance floor",Rank 7,Dread Lord / Dread Lady / Dread Lordem,Dread / Dread / Dread,Duke / Duchess / Duchum,Lord / Lady / Lordem,Duke / Duchess / Duchum,Lord / Lady / Lordem,"German, Dutch, Flemish, Austrian, Swiss (German-speaking), Danish, Norwegian, Swedish, Finnish, Icelandic",South Windenburgian,Windenburgish,Windenburg,Windenburg,,"Level 7
Arts Critic
Food Critic",Critic,Done,Active Photographer,,Done,Kiarasims4,Shady Pharma,Done,15th Street Gang,Leader,Obsidian Risk Solutions,Obsidian Operations Manager,�Directs local strategy and crew coordination.�,Gambling,Harvestio,Incognito,Chillio,Potion of curse cleansing,Emotion,"potent and inconsistent, difficult to control, aquired while experiencing strong emotions, increased reduction rate of negative emotions, decreased decay oc social need, ability to sense the mood of other sims, project own emotions, cleanse negative moods, LOTS O RAINBOWS, if the sim with this power source is an Everdew","Crystal, fauna, music,  nature, plasma, psychic",Technology,Hell's embrace,Clairvoyance,,Muse,5 etheral guardian,For Music Power source and Emotion Power source: 3 Mythic,,Rescind power source,2 CHARMER,nil,Summon grim reaper,,,,,Nymph allure,4,Poseidon's Luck charm,, Bottled Fae Blessing,,,Soil to mouth Association,All producers,meetings mostly,,,Genius,Tends to be Focused; can Share Ideas; becomes upset without mental skill improvement.,Death by Drowning,Drowned and now fears all water; won't swim in pools; can form puddles on the floor.,,
10,Mermaid,,Cemetary,Life And Death,Cemetary,The Sims 4,Yes,"Space for graves, happy haunts",Rank 8,Archon / Archon / Archon,Ancient / Ancient / Ancient,Archduke / Archduchess / Archum,Lord / Lady / Lordem,Archduke / Archduchess / Archum,Grace / Grace / Grace,"French, Belgian (Francophone), Swiss (French-speaking), Qu�b�cois, Italian, Sicilian, Sardinian, Maltese, Greek, Cypriot, Portuguese (European), Brazilian (Portuguese-speaking)",Tartosian,Tartosiano,"Tartosa , Ondarion",Tartosa,,"Level 5
Chef
Mixologist",Culinary,Done,Active Politician,still waiting on kenzima,Ongoing,Kiarasims4,Spicy Dancer,Done,15th Street Gang,Right Hand,Obsidian Risk Solutions,Obsidian Assistant Manager,�Assists in planning and mission execution.�,Ketamine,Protection From Heat,Inebriate,Minionize,Potion  of plentiful needs,Fauna,"Drawn from the members of the animal kingdon, aquired thru living with animals, ability to speak to animals, higher rate of relationship gain with animals","Airemotions, music, nature, plasma, psychic, water","Technology, Toxins",Vial of pure evil,Cleanse,,Rescind power source,2 nymph,nil,,Source master,5 SUPREME WITCH,nil,,,,,,Phytomutation,4,Aquatify,,Bottled Sunlight,,,The Art Appreciation Society,go to At art galleries and museums for apreciation,Appreciate art and performance,,,Gloomy,Tends to be Sad; can Share Melancholy Thoughts; gets a Creative boost while sad.,Death by Electrocution,Fatally electrocuted; can possess and break electronic objects.,,
11,Plantsim,,Church,Lumpinou Rambuctious Religions cc,Congregation of non believers Church (genric lot type),Rambuctious Religions,Yes,"Residential lot, Rambuctious religions",Rank 9,Prince of Darkness / Princess of Darkness / Heir of Darkness,Ancient / Ancient / Ancient,Crown Prince / Crown Princess / Crown Heir,Crown / Crown / Crown,Grand Duke / Grand Duchess / Grand Duchum,Grace / Grace / Grace,"Vietnamese, Cambodian, Laotian, Burmese/Myanmar, Thai, Indonesian, Malaysian, Filipino, Singaporean, Bruneian",Tomaruan,Tomaru,Tomarang,Tomarang,,,Detective,Done,At-Home Daycare Teacher,"3 toddlers, 2 infants 2 children max for at home",Done,Kiarasims4,Unemployed,Done,15th Street Gang,Bodyguard,Obsidian Risk Solutions,Obsidian Protection Agent,�Maintains security during sensitive activities.�,MDMA,Light,Charm Person,Cone of Cold,Potion of forced friendhip,Fire,"Volatile and difficult to control, dangerous, aquired thru any significant source of fire, can lose control when overcome with anger, having this power reduces angry moodlets faster, immunity to fire and burns, ","Chaos,Air,CrystalLight, the Sun","Darkness, Flora, Ice, Technology, Water",Bottled benevolence,Complex Clarity Charm,,Source master,5 etheral guardian,nil,,Studious,2 CHARMER,nil,,,,,,Sunlight Charge,2,Turn Into Mermaid,,Witch's brew,,,The Athletics Club,Athletic stuff,Train skills,,,Goofball,Tends to be Playful.,Death by Embarrassment,Literally died of embarrassment; occasionally gets a +2 embarrassed moodlet.,,
12,Infected,,Church,Lumpinou Rambuctious Religions cc,Cult of the Cowplant Church (genric lot type),Rambuctious Religions,Yes,"Residential lot, Rambuctious religions",Rank 10,Vampire King / Vampire Queen / Vampire Monarch,Eternal Majesty / Eternal Majesty / Eternal Majesty,Emperor / Empress / Sovereign,Royal Highness / Royal Highness / Royal Highness,King / Queen / Monarch,Majesty / Majesty / Majesty,"Inuit, S�mi, Greenlandic, Faroese, Norwegian (Arctic), Icelandic (Arctic)",Nordskan,Nordska,Nordhaven,Nordhaven,,,Doctor,Done,Ballet Dancer,Ballet teacher and company dancer branch,Not Started,Itskatato,Small Business Employee,Done,15th Street Gang,Enforcer,Obsidian Risk Solutions,Obsidian Compliance Officer,�Applies measures to uphold discipline.�,Nicotine (Cigs and Tobacco),Protection from vampires,Stinking Cloud,Decursify,potion of masterful insults,Flora,"Delicacy and nurturing, compassionate energy, gentle touch, aquired through healthy flower  specimens, highe flower arranging skill, can summon flowers, phermone kiss to enamor target, ROSES VIBES","Air, Death, Light, The Sun, Nature, Water","Darkness, Fire, Ice, Metal, Technology, toxins",Duelist's charm,Cryocast,,Studious,2 nymph,nil,,Teleportation,4 MASTER CASTER,nil,,,,,,Spriggan Form,3,Love Everlasting Charm,,Water of cleansing,,,The Ballerinas,Ballet,Ballet and performances,,,High Maintenance,Needs extra effort to stay happy; problems can appear trivial or suddenly; relieved through mindful habits.,Death by Falling,Fell from heights; will autonomously do the chalk hands interaction.,,
13,Satyr,,Church,Lumpinou Rambuctious Religions cc,Treaders of the occult Church (genric lot type),Rambuctious Religions,Yes,"Residential lot, Rambuctious religions",,,,,,,,Alien / Sixam-born,Sixan,Sixami,Sixam,Sixam,,"Administrator
Professor
FROM MOD BY ADEEPINDIGO-
K-12 Educator",Education,Ongoing,Charity Ambassador,,Done,JS Ballet Skill,Retail Employee,Done,15th Street Gang,Member,Obsidian Risk Solutions,Obsidian Field Operative,�Conducts daily team operations and logistics.�,Psychedelics,Animal Friendship,Burgliate,Dedeathify,Potion of transcendent charmer,Ice,"cold, unforgiving, for those who prefer isolation, aquired thru ice directly or thru freezing temps, immune to the cold",Water,"Fire, Flora, Sun, Technology",Elixr of invisibility,Displacement,,Teleportation,4 enchanted fae,nil,,Magic reuptake,2 CHARMER,nil,,,,,,Subterranean Travel,2,,,Sea Monster's brew,,,The Bar Association,lawyers and those involved in polocies,Meetings and lawyer lots,,,Hot-Headed,Tends to be Angry; can Rile up others; becomes Angry when targeted with Mischief.,Death by Fire,Died in a fire; can summon flames and set things on fire; has fire burning inside them.,,
14,Servo,,Church,Lumpinou Rambuctious Religions cc,Worship of the watcher Church (genric lot type),Rambuctious Religions,Yes,"Residential lot, Rambuctious religions",,,,,,,,"Melting pot worlds with diverse ethnicities, no ancestry","Del sol valley , Copperdale , Britechester , Granite Falls , Magnolia promanade , Batuu , Newcrest , San Msyhuno",,,,,"Level 6
Computer Engineer
Mechanocal Engineer",Engineer,Done,Daycare Teacher,"6 toddlers, 2 infants one coworker",Done,Kiarasims4,,,15th Street Gang,Casino Boss,Obsidian Risk Solutions,Obsidian Sales Director,�Oversees gaming floor operations and staff coordination.�,Steroids,Haste,Morphate,Ennervate,Potion of alluring aura,Illusions,"an enigma, difficult to aquire, drawn from manipulation of light, can be aquired anywhere, anytime, high mischief skill gain, can cast illusions to trick sims","Light, Psychic",Darkness,Blue skin dye,Doppelganger Conjuration,,Dryad,5 etheral guardian,For Music Nature Power source: 3 Mythic,,,,,,,,,,,,,,Merfolk Elixir,,,The Barbie Fan Club,Barbie appreciation,Barbie appreciation,,,Lovebug,Falls in love easily; constantly swept up in romance; wears their heart on their sleeve.,Death by Flowers,"Killed by a death-scented flower arrangement; only kills elders, ages up younger Sims.",,
15,Skelenton,,Cinema,LittleMsSam More Buyable venues cc,Cinema,LittleMsSam More Buyable venues,,"Movie posters, Popcorn, Cc food, vibes",,,,,,,,,,,,,,"Level 4
Musician
Comedian
FROM MOD BY ADEEPINDIGO-
Disc Jockey
Music Producer
Singer
Symphonic Orchestra",Entertainer,Done,Equestrian,,Not Started,Itskatato,,,La Cosa Simstra,Leader,Savini Security Group,Savini Operations Manager,�Manages organizational coordination under Savini.�,Xanax,Tiny Hut,Screaming Curse of Ancients,Grim Bargain,Potion of perk purging,Light,"easily overlooked but its useful in the righthands, aquired from broad daylight or any source of light, can summon mobile light source, increased good alignment","Fire, Flora, Illusions, Nature, sun",Darkness,Green skin dye,Electra Impulsa,,,,,,,,,,,,,,,,,,Love potion #9,,,The Cowplant Society,For Cult of the cowplant faith,Garden,,,Paranoid,Feels danger is everywhere and people are always talking about them; feels secure in basements.,Death by Freezing,Died from freezing temperatures; can cool Sims down or extinguish fire by possessing it; has a cold cloud coming off them.,,
16,Spellcaster,,City Hall,KiaraSims4 Mods cc,Politician Career,,Yes,,,,,,,,,,,,,,,"Programmer
Artist
Writer
Crafter
Paranormal Investigator
Fahion Photographer
FROM MOD-",Freelancer,Done,Farmer,,Done,Kiarasims4,,,La Cosa Simstra,Right Hand,Savini Security Group,Savini Assistant Manager,�Coordinates critical initiatives in the field.�,"Note Gambling; Danitysimmer, basemental, divergent sims",Detect Alignment,Strangeify,Maisma,Potion of prompt resurrection,Metal,"grounded n strenth and resilience, aquired thru metal deposits or purified metal samples, high rat eof gaining fitness and handiness skill, can summon metal deposits from the ground","Crystal, Electricity, Fire, Plasma, Technology","Flora, Water",Red skin dye,Ensorcel,,,,,,,,,,,,,,,,,,Hydration solution,,,The Equestrian Club,Horses,Ride around on horses,,,Practice Makes Perfect,"Learns skills faster overall, even if a bit slower at first.",Death by Heartbreak,Died from a broken heart; gets +2 sad moodlet occasionally; reacts angrily to nearby romantic interactions.,,
17,Succubus,,Community Space,Eco Lifestyle,Community Space,The Sims 4,Yes,"Community space, community garden, marketplace and maker space. ",,,,,,,,,,,,,,"Level 7
Judge
Private Attorney",Game-Law,NOT IN USE,Freelance Chef,,Done,Kiarasims4,,,La Cosa Simstra,Bodyguard,Savini Security Group,Savini Protection Agent,�Oversees security for key personnel.�,,Transportalate,Astral Mimicry,Melliferate,potion of vampire resistance,Moon,"underestimated cuz of ow the moon waxes and wanes, gotten from uner the light of the moon, quicker during full moon, stronger in moonlight, benefits depend on lunar phase. this sim will be very powerful","Darkness, Crystals, The Sun, Nature",NIL,Stamina tonic,Epidermal Hex,,,,,,,,,,,,,,,,,,Humanity Tonic,,,The Fashion Forward Club,Fahsion appreciation,Attend fashion shows,,,Romantic,Tends to be Flirty; becomes Sad without romantic interactions for a while.,Death by Hunger,Starved to death; hunger decays at double rate; eats in the middle of the night even when full.,,
18,Vampire,,Country Club,Maplebell country club cc,,,Yes,more a lot trait not really it's own lot type pair with spas or lounges,,,,,,,,,,,,,,"Level 5
Covert Operator
Officer",Military,Done,Landlord,you have to actually own a rental property,Done,Adeepindigo,,,La Cosa Simstra,Enforcer,Savini Security Group,Savini Compliance Officer,�Ensures operational standards are rigorously met.�,,Copypasto,Dustify,Duplicato,Vampire cure,Music,"Pleasing to wield and behold, language o the soul, can be aquired thru anything producing music, higher rate of gaining musical skills, increased performance for entertainer career, higher strenth when listening to music, very modernized and techy power","Emotion, Fauna Nature, Psychic",Chaos,Vampire's bane,Excruciate,,,,,,,,,,,,,,,,,,,,,The Foodies,Appreciate food,Go to restaurants and eat,,,Romantically Reserved,Takes their time with love; prefers emotional connection before diving into romance.,Death by Killer Chicken,Paid the price for being nasty to a chicken; has a chicken head in their chest; will autonomously scare chickens.,,
19,Werewolf,,Custom venue,Adventure Awaits,Anything,,Yes,Mods,,,,,,,,,,,,,,"Level  4
Botanist
Floral Designer",Gardener,Done,Midwifery,,Done,Kiarasims4,,,La Cosa Simstra,Member,Savini Security Group,Savini Field Operative,�Supports field operations and logistical support.�,,Upgradios,Sandman's Embrace,Mark for death,Potion of sunlight reversal,Nature,"veratile and universally compatible, aquired thru any living foliage or when standing on ground, highr rate of gardening and herbalism skill, better performance in the conservationsit  and gardener careers","Air, Crystal, death, Emotion, Fauna, Flora, Light, Moon, Music Plasma, The Sun, Toxins, Water","Chaos, Electricity, Technology",Elixir of necrotic magic,Exemplum,,,,,,,,,,,,,,,,,,,,,The Library Club,read books,Learning,,,Self-Assured,Tends to be Confident.,Death by Killer Rabbit,Provoked a killer rabbit; has a rabbit head in their chest with shrieking sounds; will autonomously scare rabbits.,,
20,Witch,,Daycare,Itskatato Daycare Career cc,Daycare,,,"Itskattato , 6 toddlers, 2 infants, one coworker, a slide, shelves, bookshelves toddler and infant care, kitchen, toys, cirle of toddler chairs for reading with one adult chair, infant playmats, computer, baby gates, playful decor, sleeping area, sandpit ballpit, all on one floor no stairs, platform to kitchen, fence, big playing equipment for toddlers and infants water for coling off, radiator for warming up inside, clean energy,  radio for kids inside and out to lure them, splash pad, coats and umbrellas area, MAKE SURE INFANT MATS FACE THE RIGHT WAY, dim lights in sleeping area, adults break room, no smoking or hanky panky, bathtub, changiing tables, tv, coffe, kettle, dishwasher, toddler friendly eating areas, umbrellas, few high chairs mainly for infants",,,,,,,,,,,,,,,Interior Decorator,Done,Model,,Done,Pandasama Childbirth,,,La Cosa Simstra,Casino Boss,Savini Security Group,Savini Sales Director,�Manages shift operations and guest service escalation.�,,Summon Sourcerer's Apprentice,Stra-Strangeify,Tremorcall,Draught of reconfiguration,Plasma,"Very controversial, parasitic, frowned upon, ppl will call you a vampire, aquired after draining someone's life force, creates parasitic bond btwn user and source, links life forces, if one dies so does the other, evil alighnment, they can drain energy form sim who is their source","Chaos,Air, Emotion, Fauna, Metal,Nature","Death, Toxins",Vanquishing potion,Exitus,,,,,,,,,,,,,,,,,,,,,The Llamazonian Society,Political,,,,Squeamish,"Nauseated by creepy crawlies, vomiting, violence, and death; Uncomfortable near dirty things.",Death by Laughter,Died from a fit of giggles; occasionally gets +2 playful moodlet; nearby Sims get +1 playful.,,
21,Black Widow,,Elementary School,Zerbu's go to school mod cc,primary school,Zerbu's go to school mod ,,,,,,,,,,,,,,,,"Level 5
Apothe-curist
Lifestyle Coaching",Naturopath,Done,Museum Archaeologist/Geologist,add trait via cheat 'Simsonian Institute',Done,Kiarasims4 AND Danitysimmer,,,Simkuza,Leader,Sakura Guardian Services,Sakura Operations Manager,�Guides strategic planning and alliance oversight.�,,Herbio,Mischief Art,Whilwind,Potion of blood,Psychic,"similar tothe emotion source, mental fortitude is key, aquired at any time, being focused makes aquisition faster, ability to read minds, enhanced intelligence","Crystal, Electricity, Emotion, Fauna, Illusions, Music",Death,,Fearless Spell,,,,,,,,,,,,,,,,,,,,,The Nichole Yoh Fan Club,Nichole association,Nichole association,,,Unflirty,Gets Tense around flirty Sims; seldom becomes Flirty; struggles with public romance.,Death by Lightning,Struck by lightning one too many times; lightning crackles occasionally around the torso.,,
22,Zombie,,Gaming center,LittleMsSam More Buyable venues cc,Gaming center,LittleMsSam More Buyable venues,,"maybe add a dancing area, large for the thriller dance, Animated wall paper",,,,,,,,,,,,,,,Noble,Done,Nursing Student,,Done,Kiarasims4 career and Simsonian Library Archaeology gigs,,,Simkuza,Right Hand,Sakura Guardian Services,Sakura Assistant Manager,�Helps with logistical support and project follow-up.�,,Homewardial,,Untamed art,,Sun,"high potency, aquired in broad daylight without weather bstructions, resistance to high temperatures, immunity to sunburns, increased energy when out in the sunlight","Fire, Flora, Light, Moon, Nature","Darkness,Ice",,Fertility Spell,,,,,,,,,,,,,,,,,,,,,The Performing Arts and Dance Club,Appreciate performances,appreciate performances,,,Wise (Elders only),Enjoys reminiscing and mentoring; learns skills easily; reduced anger and discomfort.,Death by Meteorite,"Struck by a rogue meteorite; has a tiny meteorite floating in their chest that occasionally strikes them, even indoors.",,
23,,,Gang HQ,Basemental Gangs cc,Gang HQ,Basemental Gangs,,,,,,,,,,,,,,,,"Level 6
Master Of the Real
Patreon Of the Arts",Painter,Done,Paranormal,Fortune Teller and Mystic branch (for spellcasters),Done,Pandasama Childbirth,,,Simkuza,Bodyguard,Sakura Guardian Services,Sakura Protection Agent,�Ensures safety of VIPs during crew presence.�,,Rite of ascension,,Nudelio,,Technology,"Unusual, cuz most ppl do not equate tech and magic, but science and magic are intertwined, aquired thru any tech device, increased skill gain for robotics, video gaming, rocket science, programming, increased performance with tech guru career. REAL TECHY STUFF","Electricity, Metal","Emotion, Fauna, Fire, Ice, Flora, Nature, Water",,Flora Vitalis,,,,,,,,,,,,,,,,,,,,,The Plumbobtician Society,Political,,Hobby,NOTES,Hobby,NOTES,Death by Mold,"Succumbed to mold; has mushrooms floating in their chest; can summon allergenic molds, spoil food, and fertilize plants; gets +10 angry when nearby Sims eat mushrooms.",,
24,,,Generic,Base Game,Anything,The Sims 4,Yes,,,,,,,,,,,,,,,"Level 7
Park Counselor
Park Ranger",Park worker,Done,Pet Trainer,has icon issue,Done,Adeepindigo,,,Simkuza,Enforcer,Sakura Guardian Services,Sakura Compliance Officer,�Enforces policy consistency under pressure.�,,Empathorize,,Promiscuoso,,Toxins,"requires careful hands, aquired thru toxic or poisonous substances or plants, or while under the effect of a toxin, using it for extended periods cause emission of poisonous fumes, immunity to poisons or toxins all of them, can give poisonous kiss to infect target with toxins","Chaos, Death, Nature","Fauna, Flora, Plasma",,Frost Affix,,,,,,,,,,,,,,,,,,,,,The Simstainable Collective,care about environment,Clean and environment,,,Art Lover,Gains powerful moodlets from viewing art; can Admire and Discuss Art in unique ways.,Death by Old Age,Died when their time was up; will more often nap autonomously.,,
25,,,Generic,Wicked Whims cc,Strip Club,Wicked Whims,Yes,,,,,,,,,,,,,,,"Level 4
Politician
Charity Organizer",Game-Politician,NOT IN USE,Pottery Maker,,Done,Kiarasims4,,,Simkuza,Member,Sakura Guardian Services,Sakura Field Operative,�Facilitates day-to-day objectives under direction.�,,Enchantio,,,,Water,"move with the current, allow magic to ebb and flow, accessed thru bodies of water or significant sources of the element, ability to speak to fish, resistance to drowning, better performance in fisherman,diver and lifeguard careers","Ice, Flora Fauna, Nature","Electricity, Fire, Metal, Technology",,Harmonize,,,,,,,,,,,,,,,,,,,,,The STEM Society,Academics,convey knowledge and learn,,,Bookworm,Gains powerful moodlets from reading; can Analyze and Discuss Books in unique ways.,Death by Overexertion,Overdid it to death; caused by too much WooHoo (elders) or excessive research station use.,,
26,,,Genric,SNB cc,Bank,SNB,Yes,,,,,,,,,,,,,,,,Reaper,Done,Professional Swimmer,"Branches:
Aquatic performer , Aquatic Therapist , Coach , Marine Wildlife Specialist , OLympic swimmer , Underwater Video and photography",Done,Kiarasims4,,,Simkuza,Casino Boss,Sakura Guardian Services,Sakura Sales director,"""Directs floor team and ensures fair-play standards during service hours.�",,Practical Art,,,,,,,,,Herba Incrementum,,,,,,,,,,,,,,,,,,,,,The Swimming Club,Swimming ,hangout by the pool,,,Dance Machine,"Can't wait to get down and party; gains a burst of energy from the Party Time interaction at bars, nightclubs, and lounges.",Death by Overheating,Died from prolonged high temperatures; can heat Sims up or warm cold Sims.,,
27,,,Governor's Mansion,KiaraSims4 Mods cc,Politician Career,,Yes,,,,,,,,,,,,,,,"Level 7
Matchmaker
Relationship Counselor",Romance Consultant,Done,Religious Official,,Done,ilkavelle Realistic Swimming,,,,,,,,,,,,,,,,,,Herba Partum,,,,,,,,,,,,,,,,,,,,,The Sylvan Circle,"Sylva faes, plantsims",hang out at sylvan glade,,,Foodie,"Becomes Happy eating good food, Uncomfortable eating bad food; can Watch Cooking Shows for ideas.",Death by Poison,"Died from poisoning; ghost belches when idle, giving nearby Sims a chance to pass out or get poisoned.",,
28,,,Gym,Base Game,Gym,The Sims 4,Yes,"add front desk to all gyms, also no bars in gymns  tf?
Tvs in front of tradmill, Mood lighting, Music, vibes of gyms , outdoor area, pools, heated or ice cold, sensory depravation chamber using get famous sleeping pod, diff rooms for diff exercise. basketball. Veding machines, place to grab a bite",,,,,,,,,,,,,,"Level 4
Expert
Supervisor",Salary Person,Done,Restaurant Cook,shows in game,Not Started,"actually Kiarasims4, want to make it Lumpinou Rambuctious Religions",,,,,,,,,,,,,,,,,,Implementio,,,,,,,,,,,,,,,,,,,,,The Traditionalsits,Political,,,,Geek,Becomes Happy reading sci-fi or playing video games; may get Tense without gaming; better at finding collectibles; can Discuss Geek Things with other Geeks.,Death by Pufferfish,Ate a highly toxic fish; has a pufferfish inside the body; eating poor quality Pufferfish Nigiri carries a 50% death chance.,,
29,,,Haunted House Residential,Paranormal Stuff,Residential,The Sims 4,Yes,,,,,,,,,,,,,,,,Scientist,Done,Restaurant Host,shows in game,Done,Ingame,,,,,,,,,,,,,,,,,,Impotentia Curse,,,,,,,,,,,,,,,,,,,,,The treaders of the Occults,Treaders of the occult hangout,Treaders of the occult hangout,,,Loves Outdoors,Becomes Happy when outdoors; can Enthuse about Nature to other Sims.,Death by Rabid Rodent Fever,Succumbed to rodent fever; ghost looks like a giant foaming rodent; can spread rodent fear causing nearby Sims to run.,,
30,,,High School,High School Years,High School,The Sims 4,Yes,"club rooms, 3 classes, cafeteri",,,,,,,,,,,,,,"Level 7
Diamond Agent
Villan",Secret Agent,Done,Restaurant Owner,needed since in ts4 the game does not consider owning a restaurant as a career,Done,Ingame,,,,,,,,,,,,,,,,,,Incendia,,,,,,,,,,,,,,,,,,,,,The Vampire Court,Vampires,Meetings,,,Maker,"Becomes Happy when completing projects on a Fabricator, Candlemaking Station, Juice Fizzer, or Woodworking Table; becomes Sad without making things; no penalties from crafting or repair failures.",Death by Spellcaster Overload,Overloaded on magic; retains magical skills; valid target for magical interactions including duels and training.,,
31,,,Holiday Home,LittleMsSam More Buyable venues cc,Holiday Home,LittleMsSam More Buyable venues,,Buyable by rich families,,,,,,,,,,,,,,"Level 3
Internet Personality
Public Relations",Social Media,Done,Restaurant Waitstaff,shows in game,Done,Kiarasims4,,,,,,,,,,,,,,,,,,Invisique,,,,,,,,,,,,,,,,,,,,,Unexplained Anomalies Enthusiasts,Dr tesla darwin and His occult test subjects,For Dr tesla to experiment,,,Music Lover,Gains powerful moodlets and Fun from listening to music; becomes Happy when playing instruments.,Death by Steam,Died from excessive steam; fears saunas and will autonomously sabotage them.,,
32,,,Hospital,The Sims 4,Hospital,Get to work,Yes,,,,,,,,,,,,,,,"Level 5
Stylist
Trend Setter",Style Influencer,NOT IN USE,Stay-at-home-parent,,Done,Ingame,,,,,,,,,,,,,,,,,,Irrelevio,,,,,,,,,,,,,,,,,,,,,Wild Scouts,Adventure,Outdorrsy,,,Recycle Disciple,Benefits from recycling and rummaging for bits and pieces; negative effects if they go too long without indulging.,Death by Stink Capsule,Died in a stink capsule explosion; has permanent green stink fumes even with a full hygiene need.,,
33,,,Hotel,Lot51 cc,Hotel,Suite Life,Yes,,,,,,,,,,,,,,,"Level 6
E Sport Gamer
start-up entrepreneu",Tech Guru,Done,Tattoo Artist,,Done,Kiarasims4,,,,,,,,,,,,,,,,,,Ivy Wrap,,,,,,,,,,,,,,,,,,,,,,,,Lifestyle,NOTES,Lifestyle,NOTES,Death by Sunlight,Died from UV overexposure; retains vampire powers and weaknesses as a ghost.,,
34,,,Illegal Casino,Basemental Gangs cc,Gang Casino,Basemental Gangs,Yes,,,,,,,,,,,,,,,"Level 4
Funeral Director
Mortician",Undertaker,Done,Vet Clinic owner,,Done,Kiarasims4,,,,,,,,,,,,,,,,,,Keratin Conversion,,,,,,,,,,,,,,,,,,,,,,,,,,Active,Tends to be Energized; can Pump Up other Sims; becomes upset without exercise.,Death by Urban Myth,Died from an urban legend; has subtle black smoke coming from them with demonic voices nearby.,,
35,,,Karaoke Bar,City Living,Karaoke Bar,The Sims 4,Yes,,,,,,,,,,,,,,,"Level 5
Author
Journalism",Writer,Done,Welfare,,Done,Kiarasims4,,,,,,,,,,,,,,,,,,Liberate,,,,,,,,,,,,,,,,,,,,,,,,,,Active Imagination (Children only),Gains creative skills faster from imaginative activities but may get overwhelmed at times.,Death by Vending Machine,Crushed by a vending machine; has a fizzing soda can spinning inside them; will never succeed at vending machines; gets +2 scared near them.,,
36,,,Law Firm,KiaraSims4 Mods cc,Law career,KiaraSims4,Yes,,,,,,,,,,,,,,,,,,,,,Simularity,,,,,,,,,,,,,,,,,,Linking Spell,,,,,,,,,,,,,,,,,,,,,,,,,,Adventurous,Seeks out new and unique experiences.,Ghastly Consequences,Backfired from drinking the Potion of Immortality; temporary phantasmal existence lasting 24 hours.,,
37,,,Law Office,KiaraSims4 Mods cc,Law career,,Yes,,,,,,,,,,,,,,,,,,,,,,,,,,,,,,,,,,,,,,,Lupus Transitus,,,,,,,,,,,,,,,,,,,,,,,,,,Chased by Death,"Risky behaviors may be deadly, but near-death experiences push them to live fully and progress their soul's journey faster; feels best when achieving something meaningful.",Death by Murder of Crows,Tangled with the Crow Collective and lost; has a crow's head inside the body.,,
38,,,Library,Base Game,Library,The Sims 4,Yes,"Kids spaces , outdoors too, learning lot traits , chest for authors to put copies of published books in , Private study rooms, club hangout room , coffeshop/cafe area. giant microscope.",,,,,,,,,,,,,,,,,,,,,,,,,,,,,,,,,,,,,,Magelight,,,,,,,,,,,,,,,,,,,,,,,,,,Child of the Islands,Spiritual connection to Sulani; can summon elementals and earn blessings � or face consequences � based on how they honor island culture.,Death by Emotional Starvation,Emotionally starved to death; emotional pangs have followed into the afterlife.,,
39,,,Lounge,Base Game,Base Game,The Sims 4,Yes,,,,,,,,,,,,,,,,,,,,,,,,,,,,,,,,,,,,,,,Medusa�s Gaze,,,,,,,,,,,,,,,,,,,,,,,,,,Child of the Ocean,Prefers water-related activities; feels closer to denizens of the sea.,,,,
40,,,Luxe Legacy,Daintysimmer Fashion Designer cc,Fashion Designer Career,Daintysimmer Fashion Designer mod,Yes,"THE front desk, coffee, stove to cook
Fashion shows held here or in generic lots",,,,,,,,,,,,,,,,,,,,,,,,,,,,,,,,,,,,,,Morbus,,,,,,,,,,,,,,,,,,,,,,,,,,Child of the Village,Loves community and Tomarani culture; staying in touch with loved ones and engaging in familiar activities keeps them Happy.,,,,
41,,,Museum,Base Game,Museum,The Sims 4,Yes,"add front desk (optional), woodworking or clay molding, 
Since this mod tends to lead to you spending a lot of time in museums, I like to make it easier to do so. Aside from the obvious ammenities of bathrooms, and maybe a vending machine and a coffee maker, consider adding an excavation room or area. Provide some Archaeology Workbenches for museum customers to use, so that you don�t have to stop home first before submitting some artifacts for a mission or just to sell.

If I have the space, I add a whole cafeteria in the basement as a shoutout to the Milwaukee Public Museum that I used to visit as a child. If you have an Archaeology Club, put a clubhouse in the museum. Add some books as well!
theme of the world, space theme for kids, museum of lights, diff light installations, collection spaces, haunted museum, 
To populate a museum with �real� artifacts from this mod, you should:

First use the hidden objects cheat in the console: bb.showhiddenobjects
Find the artifacts you want to place, put them where you�d like in the museum.",,,,,,,,,,,,,,,,,,,,,,,,,,,,,,,,,,,,,,Motive Manipulation,,,,,,,,,,,,,,,,,,,,,,,,,,Competitive,"Has to be the best, especially at games and physical activities; takes losing personally; can become an inspiration or a sore loser depending on how they manage their Competitive Spirit.",,,,
42,,,National Park,Base Game,National Park,The Sims 4,Yes,,,,,,,,,,,,,,,,,,,,,,,,,,,,,,,,,,,,,,,Mystify,,,,,,,,,,,,,,,,,,,,,,,,,,Disruptive,Driven to mess with the world; can spread interpersonal chaos or disrupt plants; builds Mischief faster but is slower to regain Balance.,,,,
43,,,Nightclub,Base Game,Nightclub,The Sims 4,Yes,dance floor,,,,,,,,,,,,,,,,,,,,,,,,,,,,,,,,,,,,,,Noctem Malediction,,,,,,,,,,,,,,,,,,,,,,,,,,Freegan,Rejects consumerism; thrives finding discarded goods and food; best luck in dumpsters; becomes Tense or Uncomfortable from earning or spending too much.,,,,
44,,,Onsen Bathhouse,Snowy Escape,Onsen Bathhouse,The Sims 4,Yes,,,,,,,,,,,,,,,,,,,,,,,,,,,,,,,,,,,,,,,Prosperitus,,,,,,,,,,,,,,,,,,,,,,,,,,Glutton,Stronger reaction to hunger; always enjoys eating regardless of quality; will eat spoiled food.,,,,
45,,,Park,Base Game,Park,The Sims 4,Yes,"chess, make at least a bit pet and kid friendly",,,,,,,,,,,,,,,UNIVERSITY DEGREES,,,,,,,,,,,,,,,,,,,,,,,Refectio,,,,,,,,,,,,,,,,,,,,,,,,,,Green Fiend,Happiest in eco-friendly environments; continuously works toward making their surroundings greener.,,,,
46,,,Penthouse,City Living,Residential,The Sims 4,Yes,,,,,,,,,,,,,,,,"BRT-NOR,FOX-DIS",STATUS IG,"FOX-NOR,BRT-DIS",NOTES,STATUS C,SOURCE,MINE,STATUS M,,,,,,,,,,,,,,,,Sana,,,,,,,,,,,,,,,,,,,,,,,,,,Kleptomaniac,"Loves ""borrowing"" things with a swipe; becomes Tense when they haven't stolen anything in a while.",,,,
47,,,Photo Studio,KiaraSims4 Mods cc,Photographer career,,Yes,different scenes saved as rooms,,,,,,,,,,,,,,,Uni-Animal Behaviour,Done,Uni-Archaeology,,Done,,,,,,,,,,,,,,,,,,,Sanctuary,,,,,,,,,,,,,,,,,,,,,,,,,,Lactose Intolerant,Gets sick from dairy; feels great when they've avoided it.,,,,
48,,,Playground,Base Game,Playground,LittleMsSam More Buyable venues,,infants to children,,,,,,,,,,,,,,,Uni-Astrophysics,Done,Uni-Art History,,Done,,,,,,,,,,,,,,,,,,,Sandman�s Bliss,,,,,,,,,,,,,,,,,,,,,,,,,,Lazy,"Gains moodlets from TV, napping, and comfortable furniture; fatigues faster from exercise; becomes Tense doing chores.",,,,
49,,,Pool,Base Game,Pool,The Sims 4,Yes,"Kids spaces, kiddie pool, Pool Objects ,Lifeguards (with mod), Sunbathing and lounge chairs, cafe/mini kitchen/vending machine/icecram parlor, swimming club , Front desk, Water slides",,,,,,,,,,,,,,,Uni-Biology,Done,Uni-Arts of Music,,Done,,,,,,,,,,,,,,,,,,,Sanguis Vitam,,,,,,,,,,,,,,,,,,,,,,,,,,Macabre,Embraces darkness while celebrating all life and the afterlife have to offer; revels in being their unique self.,,,,
50,,,Prison,LittleMsSam More Buyable venues cc,Prison,LittleMsSam More Buyable venues,Yes,,,,,,,,,,,,,,,,Uni-Botany & Plant Science,Done,Uni-Communications,,Done,,,,,,,,,,,,,,,,,,,Somnium,,,,,,,,,,,,,,,,,,,,,,,,,,Materialistic,Can Admire and Brag about possessions; becomes Sad without buying something new for a while.,,,,
51,,,Rave,Basemental Drugs cc,Rave,Basemental Drugs,Yes,Deco dealers?,,,,,,,,,,,,,,,Uni-Chemistry,Done,Uni-Culinary Arts,,Done,,,,,,,,,,,,,,,,,,,Spell of Stardom,,,,,,,,,,,,,,,,,,,,,,,,,,Mystical,Learns Apothecary and Gardening faster; builds friendships with occult Sims more easily; can Grant a Sacred Blessing to boost Balance for both Sims.,,,,
52,,,Recreation Center,Growing Together,Recreation Center,The Sims 4,Yes,,,,,,,,,,,,,,,,Uni-Computer Science,Done,Uni-Digital Media,,Done,,,,,,,,,,,,,,,,,,,Surge,,,,,,,,,,,,,,,,,,,,,,,,,,Neat,Becomes Happy doing chores; can have a Cleaning Frenzy; very Uncomfortable in dirty surroundings.,,,,
53,,,Residential,Base Game,Residential,The Sims 4,Yes,,,,,,,,,,,,,,,,Uni-Criminology,Done,Uni-Drama,,Done,,,,,,,,,,,,,,,,,,,Tone Deafen,,,,,,,,,,,,,,,,,,,,,,,,,,Overachiever,Raises skills faster and is Happy finishing work tasks; slightly harder to befriend.,,,,
54,,,Residential Rental,For Rent,Residential,The Sims 4,Yes,,,,,,,,,,,,,,,,Uni-Economics,Done,Uni-Education,,Done,,,,,,,,,,,,,,,,,,,Transfigure,,,,,,,,,,,,,,,,,,,,,,,,,,Perfectionist,Takes longer to craft but produces higher quality; strong moodlets tied to craft quality outcomes.,,,,
55,,,Residential Small Business,Businesses And Hobbies,Residential AND small business,The Sims 4,Yes,,,,,,,,,,,,,,,,Uni-Environmental Science,Done,Uni-Fashion & Styling,,Done,,,,,,,,,,,,,,,,,,,Vanish,,,,,,,,,,,,,,,,,,,,,,,,,,Rancher,Excels at ranch life; enjoys ranch chores and caring for livestock.,,,,
56,,,Restaurant,Dine Out,Restaurant,The Sims 4,Yes,Limit to one floor if you can,,,,,,,,,,,,,,,Uni-Games Development,Done,Uni-Fine Art,,Done,,,,,,,,,,,,,,,,,,,Viriditas Extractum,,,,,,,,,,,,,,,,,,,,,,,,,,Skeptical,Challenges the universe for proof; not easily trusting of things as they appear.,,,,
57,,,Retail,Get To work,Retail,The Sims 4,Yes,,,,,,,,,,,,,,,,Uni-Health and Fitness Science,Done,Uni-Folklore & Mythology,,Done,,,,,,,,,,,,,,,,,,,,,,,,,,,,,,,,,,,,,,,,,,,,,Slob,Unaffected by dirty surroundings; makes things dirtier faster; can rummage for food in garbage.,,,,
58,,,Small Business Venue Lot,Businesses And Hobbies,Small Business Venue Lot,The Sims 4,Yes,,,,,,,,,,,,,,,,Uni-Marine Biology,Done,Uni-History,,Done,,,,,,,,,,,,,,,,,,,,,,,,,,,,,,,,,,,,,,,,,,,,,Vegetarian,Avoids meat products; can get sick if they eat them.,,,,
59,,,Spa,Spa Day,Spa,The Sims 4,Yes,"needs front desk, nail salon, locker room, massage, yoga, lounge. bar. incense, aromaterapy, sensory deprevation chamber use get famous sleeping pods, sauna , outdoor area, Water garden",,,,,,,,,,,,,,,Uni-Mathematics,Done,Uni-Interior Design,,Done,,,,,,,,,,,,,,,,,,,,,,,,,,,,,,,,,,,,,,,,,,,Social,NOTES,Social,NOTES,,,,
60,,,Supreme Court Building,KiaraSims4 Mods cc,Law career,,Yes,,,,,,,,,,,,,,,,Uni-Medical Science,Done,Uni-Language & Literature,,Done,,,,,,,,,,,,,,,,,,,,,,,,,,,,,,,,,,,,,,,,,,,,,Animal Enthusiast,Obsessed with animals; seeks their company often; easier time caring for and bonding with animals.,,,,
61,,,The Capitol,KiaraSims4 Mods cc,Politician Career,,Yes,,,,,,,,,,,,,,,,Uni-Nutrition & Dietetics,Done,Uni-Legal Studies,,Done,,,,,,,,,,,,,,,,,,,,,,,,,,,,,,,,,,,,,,,,,,,,,Bro,Can Bro Hug other Bros; gains Confidence around Bros; becomes Energized watching sports.,,,,
62,,,The Sim House,KiaraSims4 Mods cc,Politician Career,,Yes,,,,,,,,,,,,,,,,Uni-Physics,Done,Uni-Painting Arts,,Done,,,,,,,,,,,,,,,,,,,,,,,,,,,,,,,,,,,,,,,,,,,,,Cat Lover,Prefers the company of cats over other Sims.,,,,
63,,,Thrift And Bubble Tea Store,High School Years,Thrift And Bubble Tea Store,The Sims 4,Yes,,,,,,,,,,,,,,,,Uni-Psychology,Done,Uni-Philosophy,,Done,,,,,,,,,,,,,,,,,,,,,,,,,,,,,,,,,,,,,,,,,,,,,Cringe,Socially unaware at times; meets polarizing reactions; has an adorable enthusiasm for life.,,,,
64,,,Tiny Home Residential,Tiny Living,Residential,The Sims 4,Yes,,,,,,,,,,,,,,,,Uni-Veterinary Medicine,Done,Uni-Photography,,Done,,,,,,,,,,,,,,,,,,,,,,,,,,,,,,,,,,,,,,,,,,,,,Dog Lover,Loves being near dogs; builds relationships with dogs faster; socializes with them more than average.,,,,
65,,,University Commons,Discover University,University Commons,The Sims 4,Yes,,,,,,,,,,,,,,,,Uni-Villainy,Done,Uni-Social Justice,,Done,,,,,,,,,,,,,,,,,,,,,,,,,,,,,,,,,,,,,,,,,,,,,Evil,Becomes Happy around Sims with negative moodlets; can Laugh Maniacally and Discuss Evil Plans; becomes Angry around Good Sims.,,,,
66,,,University Housing,Discover University,Residential,The Sims 4,Yes,,,,,,,,,,,,,,,,,,,,,,,,,,,,,,,,,,,,,,,,,,,,,,,,,,,,,,,,,,,,,,,,,Family-Oriented,Becomes Happy around family; becomes Sad without family interaction for a while; can Boast about Family.,,,,
67,,,Vacation Rental,Base Game,Vacation Rental,The Sims 4,Yes,,,,,,,,,,,,,,,,PART TIME AND TEENS,,,,,,,,,,,,,,,,,,,,,,,,,,,,,,,,,,,,,,,,,,,,,,,,,Generous,Happiest helping others with time and money; loved by everyone but can be a bit too brazen with donations.,,,,
68,,,Vet Clinic,Cats &Dogs,Vet Clinic,The Sims 4,Yes,,,,,,,,,,,,,,,,IN GAME,STATUS IG,CUSTOM,NOTES,STATUS C,SOURCE,MINE,STATUS M,,,,,,,,,,,,,,,,,,,,,,,,,,,,,,,,,,,,,,,,,,Good,Becomes Happy around Sims with positive moodlets; can Donate to Charity and Discuss World Peace; becomes Sad around Evil Sims.,,,,
69,,,Wedding Venue,Base Game,Wedding Venue,The Sims 4,Yes,,,,,,,,,,,,,,,,Babysitter,Done,National Spouse,,Done,,,,,,,,,,,,,,,,,,,,,,,,,,,,,,,,,,,,,,,,,,,,,Grouch,Raises Mischief skill faster by playing pranks and bothering others.,,,,
70,,,Mental Health Retreat,Adeepindigo Divergent sims + Active Therapy Centers,Active Therapy Centers,Adeepindigo Divergent sims + Active Therapy Centers,Yes,"When setting up the business or therapy space, you should have separate offices for at least 2 mental health
professionals. In the office should be at least one living chair or loveseat and a couch. You must designate one of the
living chairs/loveseat/couch as Professional Seating for the Mental Health Professional. Do this in Live Mode by
clicking on that piece of furniture.
When loading the lot, if playing the Small Business owner Therapist, do not direct them to do any tasks. They will find
their seat and pull out their tablet to do work while they wait for patients all on their own.
For Reception desk there should be one The FRONT Desk and a computer on that desk. For small businesses, that
should be the only computer on the lot unless you want the receptionist to constantly change computers.
The simpler your setup is the better for the small business. You don't need to put things in for your sims to do while they
wait, etc. They will automatically attempt to sit down after checking in and occupy themselves on their own either with
a book or their phone or by knitting",,,,,,,,,,,,,,,Barista,Done,Retired,,Done,,,,,,,,,,,,,,,,,,,,,,,,,,,,,,,,,,,,,,,,,,,,,Hates Children,Becomes Angry around children; becomes Tense after Try for a Baby; can be Mean to children.,,,,
71,,,,,,,,,,,,,,,,,,,,,,,Diver,Done,Part Time Fashion Designer,,Done,,,,,,,,,,,,,,,,,,,,,,,,,,,,,,,,,,,,,,,,,,,,,Horse Lover,Shares a strong bond with horses; easier time socializing with and caring for them.,,,,
72,,,,,,,,,,,,,,,,,,,,,,,Fast Food Employee,Done,,,,,,,,,,,,,,,,,,,,,,,,,,,,,,,,,,,,,,,,,,,,,,,,Idealist,Holds high moral standards; strives for a better world guided by values; committed to doing what's right even when it's hard.,,,,
73,,,,,,,,,,,,,,,,,,,,,,,Fisherman,Done,,,,,,,,,,,,,,,,,,,,,,,,,,,,,,,,,,,,,,,,,,,,,,,,Insider,Loves being in clubs; happiest when surrounded by friends.,,,,
74,,,,,,,,,,,,,,,,,,,,,,,Handyperson,Done,,,,,,,,,,,,,,,,,,,,,,,,,,,,,,,,,,,,,,,,,,,,,,,,Jealous,Gets Jealous more easily; gains Confidence around their partner but becomes Tense without seeing them recently.,,,,
75,,,,,,,,,,,,,,,,,,,,,,,Lifeguard,Done,,,,,,,,,,,,,,,,,,,,,,,,,,,,,,,,,,,,,,,,,,,,,,,,Loner,Becomes Happy alone; no negative moodlets from low Social need; becomes Tense around strangers; more easily Embarrassed by social rejection.,,,,
76,,,,,,,,,,,,,,,,,,,,,,,Manual Laborer,Done,,,,,,,,,,,,,,,,,,,,,,,,,,,,,,,,,,,,,,,,,,,,,,,,Loyal,Values and fully commits to relationships; avoids lying and cheating; trust is everything to them.,,,,
77,,,,,,,,,,,,,,,,,,,,,,,Retail Employee,Done,,,,,,,,,,,,,,,,,,,,,,,,,,,,,,,,,,,,,,,,,,,,,,,,Mean,Becomes Happy being Mean or Mischievous to others; becomes Confident after winning a fight.,,,,
78,,,,,,,,,,,,,,,,,,,,,,,Park Worker,Done,,,,,,,,,,,,,,,,,,,,,,,,,,,,,,,,,,,,,,,,,,,,,,,,Noncommittal,Becomes Tense in the same job or relationship over time; becomes Happy quitting or breaking things off; takes longer to Propose.,,,,
79,,,,,,,,,,,,,,,,,,,,,,,Simfluencer,Done,,,,,,,,,,,,,,,,,,,,,,,,,,,,,,,,,,,,,,,,,,,,,,,,Nosy,"Thrives on gossip, snooping, and spying; poor boundaries; discovers secrets by any means necessary.",,,,
79,,,,,,,,,,,,,,,,,,,,,,,Video Game Streamer,Done,,,,,,,,,,,,,,,,,,,,,,,,,,,,,,,,,,,,,,,,,,,,,,,,Outgoing,Gains powerful moodlets from friendly socializing; Social need decays quickly; stronger negative moodlets when Social is low.,,,,
80,,,,,,,,,,,,,,,,,,,,,,,TEEN EXCLUSIVE,,,,,,,,,,,,,,,,,,,,,,,,,,,,,,,,,,,,,,,,,,,,,,,,,Party Animal,Enjoys parties; loves hyping up a crowd and performing party tricks.,,,,
81,,,,,,,,,,,,,,,,,,,,,,,IN GAME,STATUS IG,CUSTOM,NOTES,STATUS C,SOURCE,MINE,STATUS M,,,,,,,,,,,,,,,,,,,,,,,,,,,,,,,,,,,,,,,,,,Plant Lover,"Treats every plant like a little Sim; emotionally invested in their plants; no skill needed, just a big heart.",,,,
82,,,,,,,,,,,,,,,,,,,,,,,High School student,Done,Elite Private School Student,"adeepindigo
SimCity Academy
Sims who attend independent/private school will wear uniforms. School hours are 7:30am-1:30pm for upper school students and 7:30am-2:30pm for lower school students.",Done,,,,,,,,,,,,,,,,,,,,,,,,,,,,,,,,,,,,,,,,,,,,,Proper,Disapproves of Mean or Mischievous behavior; happier in formal outfits; easier time with Friendly and Romantic socials.,,,,
83,,,,,,,,,,,,,,,,,,,,,,,Scat,Done,Specialized/Magnetic Public School  Student,"adeepindigo
Bedlington Latin School (a specialized exam school)",Done,,,,,,,,,,,,,,,,,,,,,,,,,,,,,,,,,,,,,,,,,,,,,Self-Absorbed,Can Fish for Compliments; more excited receiving gifts; becomes Tense without enough attention; relishes the celebrity spotlight.,,,,
84,,,,,,,,,,,,,,,,,,,,,,,,,Alternative Public School Student,"adeepindigo
Striker Alternative School (an alternative school for learning difficulties and behavioural/social-emotional difficulties)",Done,,,,,,,,,,,,,,,,,,,,,,,,,,,,,,,,,,,,,,,,,,,,,Shady,Excels at exploiting situations and bending rules; thrives in mischief; can influence others to adopt their ways.,,,,
85,,,,,,,,,,,,,,,,,,,,,,,,,Independent School Student,"adeepindigo
Wintercrest Preparatory School
Sims who attend independent/private school will wear uniforms. School hours are 7:30am-1:30pm for upper school students and 7:30am-2:30pm for lower school students.",Done,,,,,,,,,,,,,,,,,,,,,,,,,,,,,,,,,,,,,,,,,,,,,Snob,Can Critique low quality items; bored by lowbrow TV; gains Confidence around other Snobs.,,,,
86,,,,,,,,,,,,,,,,,,,,,,,,,Boarding-Militant School Student,"adeepindigo
Fort Starch Military Institute",Done,,,,,,,,,,,,,,,,,,,,,,,,,,,,,,,,,,,,,,,,,,,,,Socially Awkward,Struggles in social situations; builds Charisma more slowly; gains powerful moodlets and sentiments when overcoming awkwardness to form close bonds.,,,,
87,,,,,,,,,,,,,,,,,,,,,,,,,Boarding School Student,"adeepindigo
Huntington Preparatory Academy",Done,,,,,,,,,,,,,,,,,,,,,,,,,,,,,,,,,,,,,,,,,,,Toddler,NOTES,Toddler,NOTES,,,,
88,,,,,,,,,,,,,,,,,,,,,,,,,Occult High School,"adeepindigo
There they will gain experience and skills related to their specific occult.",Ongoing,,,,,,,,,,,,,,,,,,,,,,,,,,,,,,,,,,,,,,,,,,,,,Angelic,Easygoing and idyllic; never defiant or throws tantrums; can easily talk to strangers.,,,,
89,,,,,,,,,,,,,,,,,,,,,,,,,Adventure club Member,adeepindigo,Done,,,,,,,,,,,,,,,,,,,,,,,,,,,,,,,,,,,,,,,,,,,,,Charmer,Loves to socialize; earns Communication skill faster; no Stranger Danger; can Share the Love with other Sims.,,,,
90,,,,,,,,,,,,,,,,,,,,,,,,,Arts and craft Club Member,adeepindigo,Done,,,,,,,,,,,,,,,,,,,,,,,,,,,,,,,,,,,,,,,,,,,,,Clingy,Shy; avoids Sims outside the household; gets Sad if left behind; gains extra skill when taught; recovers faster from bad moods when Comforted.,,,,
91,,,,,,,,,,,,,,,,,,,,,,,,,Bullet Club,"KS4 after school
Actually Ballet club but mispelled for documentation",Done,,,,,,,,,,,,,,,,,,,,,,,,,,,,,,,,,,,,,,,,,,,,,Fussy,"Loves to cry, cause trouble, and throw fits; being noticed makes them Happy and helps overcome negative moodlets.",,,,
92,,,,,,,,,,,,,,,,,,,,,,,,,Cheer Team Member,Actually Ballet club but mispelled for documentation,Done,,,,,,,,,,,,,,,,,,,,,,,,,,,,,,,,,,,,,,,,,,,,,Independent,Loves freedom; dislikes taking orders from caregivers; gains extra skill when left alone; needs less attention than other toddlers.,,,,
93,,,,,,,,,,,,,,,,,,,,,,,,,Chess Team Member,In game adepindigo revamped,Done,,,,,,,,,,,,,,,,,,,,,,,,,,,,,,,,,,,,,,,,,,,,,Inquisitive,Curious explorer; gains Thinking skill faster; happiest when learning; becomes Sad without learning something new for a while.,,,,
94,,,,,,,,,,,,,,,,,,,,,,,,,Computer Team Member,In game adepindigo revamped,Done,,,,,,,,,,,,,,,,,,,,,,,,,,,,,,,,,,,,,,,,,,,,,Silly,Goofy and curious; loves telling jokes; becomes Playful easily; earns Imagination skill faster.,,,,
95,,,,,,,,,,,,,,,,,,,,,,,,,Fashion Club Member,DS fashion mod,Done,,,,,,,,,,,,,,,,,,,,,,,,,,,,,,,,,,,,,,,,,,,,,Wild,Spirited and energetic; loves to explore; earns Movement skill faster; becomes Sad without going outside for a while.,,,,
96,,,,,,,,,,,,,,,,,,,,,,,,,Football Team Member,In game adepindigo revamped,Done,,,,,,,,,,,,,,,,,,,,,,,,,,,,,,,,,,,,,,,,,,,Ifant,NOTES,Infant,NOTES,,,,
97,,,,,,,,,,,,,,,,,,,,,,,,,Mock Trial Team member,adeepindigo,Done,,,,,,,,,,,,,,,,,,,,,,,,,,,,,,,,,,,,,,,,,,,,,Cautious,"Appreciates the familiar; slow to warm up to new experiences, locations, and Sims.",,,,
98,,,,,,,,,,,,,,,,,,,,,,,,,Performing Arts club member,adeepindigo,Done,,,,,,,,,,,,,,,,,,,,,,,,,,,,,,,,,,,,,,,,,,,,,Sensitive,Prone to diaper rash and picky with food; easily overstimulated by play and socializing; rests more peacefully through the night when soothed.,,,,
99,,,,,,,,,,,,,,,,,,,,,,,,,STEM club member,adeepindigo,Done,,,,,,,,,,,,,,,,,,,,,,,,,,,,,,,,,,,,,,,,,,,,,Calm,Likes to watch the world; less likely to cry or get angry; doesn't tire of activities easily; less likely to explore on their own.,,,,
100,,,,,,,,,,,,,,,,,,,,,,,,,Student Council member,adeepindigo,Done,,,,,,,,,,,,,,,,,,,,,,,,,,,,,,,,,,,,,,,,,,,,,Intense,Has big emotions; easily entertained; harder to calm when in a bad mood.,,,,
101,,,,,,,,,,,,,,,,,,,,,,,,,Swim team member,"Realistic swimming mod
Actually Swimming lessons but renamed for documentation",Done,,,,,,,,,,,,,,,,,,,,,,,,,,,,,,,,,,,,,,,,,,,,,Wiggly,Always on the go; loves to play and move around; struggles to fall asleep or pay attention for long.,,,,
102,,,,,,,,,,,,,,,,,,,,,,,,,Youth-Eque-Club member,"Adeepindigo extra
actually Youth-Equestrian-Club member but mispelled for filter reasons",Done,,,,,,,,,,,,,,,,,,,,,,,,,,,,,,,,,,,,,,,,,,,,,Sunny,Bursting with smiles and giggles; enjoys engaging with other Sims; requires more social attention.,,,,
103,,,,,,,,,,,,,,,,,,,,,,,,,Acting classes,"Ilkavelle 
For children but shows up for teens, No teens allowed",,,,,,,,,,,,,,,,,,,,,,,,,,,,,,,,,,,,,,,,,,,,,,,,,,,
104,,,,,,,,,,,,,,,,,,,,,,,,,Dance Classes,"For children Ilkavelle but shows up for teens, No teens allowed
",,,,,,,,,,,,,,,,,,,,,,,,,,,,,,,,,,,,,,,,,,,,,,,,,,,
105,,,,,,,,,,,,,,,,,,,,,,,,,Drama Club,"In game adepindigo revamped , Will not be focused on
",,,,,,,,,,,,,,,,,,,,,,,,,,,,,,,,,,,,,,,,,,,,,,,,,,,
106,,,,,,,,,,,,,,,,,,,,,,,,,Literature and Poetry Circle,"For children Ilkavelle but shows up for teens, No teens allowed",,,,,,,,,,,,,,,,,,,,,,,,,,,,,,,,,,,,,,,,,,,,,,,,,,,
107,,,,,,,,,,,,,,,,,,,,,,,,,Nature Club,"In game adepindigo revamped , Will not be focused on",,,,,,,,,,,,,,,,,,,,,,,,,,,,,,,,,,,,,,,,,,,,,,,,,,,
108,,,,,,,,,,,,,,,,,,,,,,,,,School Newspaper,"For children Ilkavelle but shows up for teens, No teens allowed",,,,,,,,,,,,,,,,,,,,,,,,,,,,,,,,,,,,,,,,,,,,,,,,,,,
109,,,,,,,,,,,,,,,,,,,,,,,,,School Choir,"For children Ilkavelle but shows up for teens, No teens allowed",,,,,,,,,,,,,,,,,,,,,,,,,,,,,,,,,,,,,,,,,,,,,,,,,,,
110,,,,,,,,,,,,,,,,,,,,,,,,,School Orchestra,"For children Ilkavelle but shows up for teens, No teens allowed",,,,,,,,,,,,,,,,,,,,,,,,,,,,,,,,,,,,,,,,,,,,,,,,,,,
111,,,,,,,,,,,,,,,,,,,,,,,,,Swimming team member,adeepindigo But unpopulated in lieu of realistic swimming ver cuz that one has for kids too,,,,,,,,,,,,,,,,,,,,,,,,,,,,,,,,,,,,,,,,,,,,,,,,,,,
112,,,,,,,,,,,,,,,,,,,,,,,,,Dog Walker,,Done,,,,,,,,,,,,,,,,,,,,,,,,,,,,,,,,,,,,,,,,,,,,,,,,,,
113,,,,,,,,,,,,,,,,,,,,,,,,,Tutor,,Done,,,,,,,,,,,,,,,,,,,,,,,,,,,,,,,,,,,,,,,,,,,,,,,,,,
114,,,,,,,,,,,,,,,,,,,,,,,,,,,,,,,,,,,,,,,,,,,,,,,,,,,,,,,,,,,,,,,,,,,,,,,,,,,,,
115,,,,,,,,,,,,,,,,,,,,,,,,,,,,,,,,,,,,,,,,,,,,,,,,,,,,,,,,,,,,,,,,,,,,,,,,,,,,,
116,,,,,,,,,,,,,,,,,,,,,,,,,,,,,,,,,,,,,,,,,,,,,,,,,,,,,,,,,,,,,,,,,,,,,,,,,,,,,
117,,,,,,,,,,,,,,,,,,,,,,,,,,,,,,,,,,,,,,,,,,,,,,,,,,,,,,,,,,,,,,,,,,,,,,,,,,,,,
118,,,,,,,,,,,,,,,,,,,,,,,,,,,,,,,,,,,,,,,,,,,,,,,,,,,,,,,,,,,,,,,,,,,,,,,,,,,,,
119,,,,,,,,,,,,,,,,,,,,,,,,,,,,,,,,,,,,,,,,,,,,,,,,,,,,,,,,,,,,,,,,,,,,,,,,,,,,,
120,,,,,,,,,,,,,,,,,,,,,,,,,,,,,,,,,,,,,,,,,,,,,,,,,,,,,,,,,,,,,,,,,,,,,,,,,,,,,
121,,,,,,,,,,,,,,,,,,,,,,,,,,,,,,,,,,,,,,,,,,,,,,,,,,,,,,,,,,,,,,,,,,,,,,,,,,,,,
122,,,,,,,,,,,,,,,,,,,,,,,,,,,,,,,,,,,,,,,,,,,,,,,,,,,,,,,,,,,,,,,,,,,,,,,,,,,,,
123,,,,,,,,,,,,,,,,,,,,,,,,,,,,,,,,,,,,,,,,,,,,,,,,,,,,,,,,,,,,,,,,,,,,,,,,,,,,,
124,,,,,,,,,,,,,,,,,,,,,,,,,,,,,,,,,,,,,,,,,,,,,,,,,,,,,,,,,,,,,,,,,,,,,,,,,,,,,
125,,,,,,,,,,,,,,,,,,,,,,,,,,,,,,,,,,,,,,,,,,,,,,,,,,,,,,,,,,,,,,,,,,,,,,,,,,,,,
126,,,,,,,,,,,,,,,,,,,,,,,KID EXCLUSIVE,,,,,,,,,,,,,,,,,,,,,,,,,,,,,,,,,,,,,,,,,,,,,,,,,,,,,,
127,,,,,,,,,,,,,,,,,,,,,,,IN GAME,STATUS IG,CUSTOM,NOTES,STATUS C,SOURCE,MINE,STATUS M,,,,,,,,,,,,,,,,,,,,,,,,,,,,,,,,,,,,,,,,,,,,,,,
128,,,,,,,,,,,,,,,,,,,,,,,Grade School Student,Done,Boarding School Child,"adeepindigo
Huntington Preparatory Academy",Done,,,,,,,,,,,,,,,,,,,,,,,,,,,,,,,,,,,,,,,,,,,,,,,,,,
129,,,,,,,,,,,,,,,,,,,,,,,Scout,Done,Alternative (Public) School Child,"adeepindigo
Bedlington Latin School (a specialized exam school)",Done,,,,,,,,,,,,,,,,,,,,,,,,,,,,,,,,,,,,,,,,,,,,,,,,,,
130,,,,,,,,,,,,,,,,,,,,,,,,,Occult Grade School,"adeepindigo
There they will gain experience and skills related to their specific occult.",Ongoing,,,,,,,,,,,,,,,,,,,,,,,,,,,,,,,,,,,,,,,,,,,,,,,,,,
131,,,,,,,,,,,,,,,,,,,,,,,,,Elite Private School Child,"adeepindigo
SimCity Academy
Sims who attend independent/private school will wear uniforms. School hours are 7:30am-1:30pm for upper school students and 7:30am-2:30pm for lower school students.",Done,,,,,,,,,,,,,,,,,,,,,,,,,,,,,,,,,,,,,,,,,,,,,,,,,,
132,,,,,,,,,,,,,,,,,,,,,,,,,Independent School,"adeepindigo
Wintercrest Preparatory School
Sims who attend independent/private school will wear uniforms. School hours are 7:30am-1:30pm for upper school students and 7:30am-2:30pm for lower school students.",Done,,,,,,,,,,,,,,,,,,,,,,,,,,,,,,,,,,,,,,,,,,,,,,,,,,
133,,,,,,,,,,,,,,,,,,,,,,,,,Boarding-Militant School Child,"adeepindigo
Fort Starch Military Institute",Done,,,,,,,,,,,,,,,,,,,,,,,,,,,,,,,,,,,,,,,,,,,,,,,,,,
134,,,,,,,,,,,,,,,,,,,,,,,,,Acting Classes,Ilkavelle after school bundle A,Done,,,,,,,,,,,,,,,,,,,,,,,,,,,,,,,,,,,,,,,,,,,,,,,,,,
135,,,,,,,,,,,,,,,,,,,,,,,,,Art Classes,Ilkavelle after school bundle A,Done,,,,,,,,,,,,,,,,,,,,,,,,,,,,,,,,,,,,,,,,,,,,,,,,,,
136,,,,,,,,,,,,,,,,,,,,,,,,,Ballet Club,KS4 after school,Done,,,,,,,,,,,,,,,,,,,,,,,,,,,,,,,,,,,,,,,,,,,,,,,,,,
137,,,,,,,,,,,,,,,,,,,,,,,,,Dance Classes,Ilkavelle after school bundle A,Done,,,,,,,,,,,,,,,,,,,,,,,,,,,,,,,,,,,,,,,,,,,,,,,,,,
138,,,,,,,,,,,,,,,,,,,,,,,,,IT Course,Ilkavelle after school bundle B,Done,,,,,,,,,,,,,,,,,,,,,,,,,,,,,,,,,,,,,,,,,,,,,,,,,,
139,,,,,,,,,,,,,,,,,,,,,,,,,Nature Club,Ilkavelle after school bundle B,Done,,,,,,,,,,,,,,,,,,,,,,,,,,,,,,,,,,,,,,,,,,,,,,,,,,
140,,,,,,,,,,,,,,,,,,,,,,,,,School Newspaper,Ilkavelle after school,Done,,,,,,,,,,,,,,,,,,,,,,,,,,,,,,,,,,,,,,,,,,,,,,,,,,
141,,,,,,,,,,,,,,,,,,,,,,,,,School Orchestra,Ilkavelle after school bundle A,Done,,,,,,,,,,,,,,,,,,,,,,,,,,,,,,,,,,,,,,,,,,,,,,,,,,
142,,,,,,,,,,,,,,,,,,,,,,,,,Science Club,,Done,,,,,,,,,,,,,,,,,,,,,,,,,,,,,,,,,,,,,,,,,,,,,,,,,,
143,,,,,,,,,,,,,,,,,,,,,,,,,Swimming lessons,,Done,,,,,,,,,,,,,,,,,,,,,,,,,,,,,,,,,,,,,,,,,,,,,,,,,,
144,,,,,,,,,,,,,,,,,,,,,,,,,Youth Horse Club Member,Actually YouthEquestrianClubMember but renamed so as not to clash with Equestrian Career,Done,,,,,,,,,,,,,,,,,,,,,,,,,,,,,,,,,,,,,,,,,,,,,,,,,,
145,,,,,,,,,,,,,,,,,,,,,,,,,School Choir,"Ikavelle A, Not wanted but shows up anyway",,,,,,,,,,,,,,,,,,,,,,,,,,,,,,,,,,,,,,,,,,,,,,,,,,,
146,,,,,,,,,,,,,,,,,,,,,,,,,Literature and poetry circle,"Ikavelle A, Not wanted but shows up anyway",,,,,,,,,,,,,,,,,,,,,,,,,,,,,,,,,,,,,,,,,,,,,,,,,,,
147,,,,,,,,,,,,,,,,,,,,,,,,,Speech and Debate Legue,"Ikavelle B, Not wanted but shows up anyway",,,,,,,,,,,,,,,,,,,,,,,,,,,,,,,,,,,,,,,,,,,,,,,,,,,
148,,,,,,,,,,,,,,,,,,,,,,,,,Technical Class,"Ikavelle B, Not wanted but shows up anyway",,,,,,,,,,,,,,,,,,,,,,,,,,,,,,,,,,,,,,,,,,,,,,,,,,,
149,,,,,,,,,,,,,,,,,,,,,,,,,Drama Club,In game Not wanted,,,,,,,,,,,,,,,,,,,,,,,,,,,,,,,,,,,,,,,,,,,,,,,,,,,
150,,,,,,,,,,,,,,,,,,,,,,,,,,,,,,,,,,,,,,,,,,,,,,,,,,,,,,,,,,,,,,,,,,,,,,,,,,,,,
151,,,,,,,,,,,,,,,,,,,,,,,,,,,,,,,,,,,,,,,,,,,,,,,,,,,,,,,,,,,,,,,,,,,,,,,,,,,,,
